forename,surname,department,email
Ali,Abbas,admin,aabb463@email.com
Alicia,Bover,admin,abov917@email.com
Anna,Davidson,sales,adav330@email.com
Ariana,Dubanowski,admin,adub390@email.com
Anja,Greally,sales,agre552@email.com
Antony,Houston,sales,ahou784@email.com
Alice,Jennings,management,ajen172@email.com
Athina,Karl,sales,akar563@email.com
Ayesha,Lewoski,management,alew569@email.com
Adela,Mansur,admin,aman282@email.com
Aldo,Mason,admin,amas774@email.com
Andre,Pileau,admin,apil884@email.com
Alessandra,Province,sales,apro256@email.com
Antoine,Richard,admin,aric347@email.com
Audrey,Specht,sales,aspe821@email.com
Audrey,Specht,sales,aspe855@email.com
Ayana,Staggs,admin,asta104@email.com
Alison,Wanecki,sales,awan966@email.com
Brandee,Arvidsson,admin,barv104@email.com
Ben,Jones,admin,bjon175@email.com
Berneice,Mccright,sales,bmcc569@email.com
Bridget,McTear,admin,bmct787@email.com
Brenda,McWilliams,sales,bmcw268@email.com
Brian,O'leary,admin,bo'l196@email.com
Catherin,Bedsole,admin,cbed340@email.com
Caitlin,Caitlin Elliott,sales,ccai446@email.com
Cao,Chin,sales,cchi967@email.com
Chip,Christophers,admin,cchr994@email.com
Eva,Grunewald,admin,cgru312@email.com
Craig,Harkins,sales,char132@email.com
Christine,McGregor,management,cmcg423@email.com
Clair,McKenzie,management,cmck244@email.com
Cassie,Montesinos,sales,cmon213@email.com
Carol,Munro,sales,cmun272@email.com
Chen,Ning,sales,cnin104@email.com
Callum,Patterson,admin,cpat598@email.com
Chang,Peng,sales,cpen277@email.com
Camila,Reisinger,admin,crei727@email.com
Camila,Rodriguez,sales,crod264@email.com
Cezary,Schuttmann,admin,csch538@email.com
Craig,Selkirk,sales,csel980@email.com
Chris,Simpson,admin,csim534@email.com
Cerdiwen,Singarajah,admin,csin484@email.com
Callum,Sinclair,admin,csin845@email.com
Carol,Smith,admin,csmi333@email.com
Chris,Tate,sales,ctat1313@email.net
Charlie,Taylor,admin,ctay323@email.com
Chloe,Taylor,admin,ctay416@email.com
Cerys,White,management,cwhi9221@email.net
Dmitri,Alexis,sales,dale781@email.com
Danika,Elsen,management,dels107@email.com
David,Grey,sales,dgre124@email.com
Dora,Hutton,sales,dhut682@email.com
Donya,Miah,management,dmia463@email.com
Dionne,Midgley,admin,dmid559@email.com
Delma,Million,sales,dmil939@email.com
Deborah,Nelken,admin,dnel258@email.com
Derek,Park,admin,dpar893@email.com
Davis,Peranio,admin,dper147@email.com
Davis,Peranio,sales,dper537@email.com
Daron,Plumlee,sales,dplu963@email.com
Danko,Sobol,admin,dsob768@email.com
Dona,Suber,admin,dsub566@email.com
Dino,Zhang,admin,dzha338@email.com
Dino,Zhang,sales,dzha676@email.com
Emili,Alfredsson,admin,ealf266@email.com
Elizabeth,Arden,admin,eard952@email.com
Ewan,Baqri,admin,ebaq117@email.com
Ernesto,Blanc,sales,ebla652@email.com
Ernest,Callachan,admin,ecal258@email.com
Erlea,Devine,admin,edev108@email.com
Eugenia,Dicarlo,sales,edic615@email.com
Eduardo,Herrmann,admin,eher957@email.com
Elias,Keen,sales,ekee255@email.com
Eva,Livingstone,sales,eliv123@email.net
Eleanor,Riggs,sales,erig790@email.com
Ercwlff,Livingstone,admin,erob579@email.com
Frannie,Beckett,admin,fbec754@email.com
Fiona,Bradly,admin,fbr530@email.net
Fenella,Cuyper,management,fcuy357@email.com
Fang,Min,sales,fmin685@email.com
Francisca,Ophoven,admin,foph202@email.com
Fillipo,Perez,sales,fper154@email.com
Fan,Zhihao,sales,fzhi813@email.com
Gifty,Adisa,admin,gadi266@email.com
Greg,Anderson,admin,gand215@email.com
Graham,Flynn,sales,gfly340@email.com
Gull,Gott,sales,ggot764@email.com
Gillian,Hendry,sales,ghen798@email.com
Georgie,Mccauley,admin,gmcc411@email.com
Grant,Pettigrew,sales,gpet463@email.com
Greg,Reith,admin,grei803@email.com
Gertrudes,Seward,admin,gsew759@email.com
Gong,Xun,admin,gxun492@email.com
Hao,Bao,admin,hbao810@email.com
Hollis,Cassano,admin,hcas572@email.com
Horace,Garry,admin,hgar508@email.com
Huang,Lei,admin,hlei381@email.com
Hamish,MacKenna,admin,hmac813@email.com
Hugh,Murphy,sales,hmur278@email.com
Hasan,Watson,admin,hwat497@email.com
Iker,Arendsen,admin,iare865@email.com
Ivana,Bissette,sales,ibis723@email.com
Ian,Hunter,sales,ihun275@email.com
Ian,Lee,sales,ilee544@email.com
Jose,Carreras,admin,jcar366@email.com
Jaqueline,Christopherso,management,jchr951@email.com
Johnna,Coots,admin,jcoo567@email.com
Jessica,Cooper,admin,jcoo676@email.com
Juliana,Garcia,admin,jgar444@email.com
Jacek,Hussain,admin,jhus268@email.com
Julianna,Hyper,sales,jhyp757@email.com
Jorie,Ivanovic,sales,jiva910@email.com
Jim,Jones,sales,jjon592@email.com
Josiah,Kroon,admin,jkro461@email.com
Jaromir,Magro,admin,jmag670@email.com
John,Martyn,admin,jmar475@email.com
Jean,Paterson,admin,jpat108@email.com
Jamie,Roberts,admin,jrob313@email.com
Juliet,Simpson,sales,jsim168@email.com
John,Smith,sales,jsmi537@email.com
Joe,Spiers,sales,jspi634@email.com
Jim,White,sales,jwhi684@email.com
Jess,Wright,admin,jwri300@email.com
Keijo,Aafjes,admin,kaaf912@email.com
Kausar,Ali,admin,kali593@email.com
Kristoffer,Anders,management,kand507@email.com
Kit,Brinkman,sales,kbri900@email.com
Kelle,Bryan,admin,kbry100@email.com
Katelyn,Butter,admin,kbut903@email.com
Kim,Grozdanic,sales,kgro396@email.com
Kathy,Heft,admin,khef145@email.com
Keneth,Likes,sales,klik331@email.com
Karrie,Roehl,admin,kroe855@email.com
Karen,Sinclair,admin,ksin684@email.com
Karinne,Stewart,sales,kste433@email.com
Karen,White,admin,kwhi534@email.com
Katrina,Young,admin,kyou716@email.com
Liu,Bao,admin,lbao150@email.com
Liu,Bao,sales,lbao941@email.com
Linda,Cessford,admin,lces669@email.com
Lettie,Corbo,sales,lcor868@email.com
Lorie,Crimi,admin,lcri847@email.com
Leesa,Gainey,management,lgai493@email.com
Gibby,Libson,sales,lgib6863@email.net
Laure,Gonzalez,sales,lgon902@email.com
Lesley,Graham,management,lgra552@email.com
Liu,He,sales,lhe259@email.com
Lin,Liuxian,management,lliu777@email.com
Lorraine,McFarlane,admin,lmcf171@email.com
Lesley,McWhirter,admin,lmcw662@email.com
Laurinda,Nellum,sales,lnel230@email.com
Louise,Nowak,admin,lnow894@email.com
Lorin,Nystrom,sales,lnys237@email.com
Lewis,Robinson,admin,lrob540@email.com
Leo,Shostakovich,sales,lsho989@email.com
Lesley,Wallace,admin,lwal366@email.com
Luke,Walker,management,lwal447@email.com
Lluc,Weigand,sales,lwei328@email.com
Luo,Xieren,sales,lxie441@email.com
Luo,Xieren,admin,lxie524@email.com
Luo,Xieren,admin,lxie552@email.com
Martin,Brown,sales,mbro500@email.com
Martyn,Cairns,sales,mcai409@email.com
Monique,Corley,sales,mcor367@email.com
Morgane,Dubios,sales,mdub132@email.com
Martha,Humpheries,admin,mhum863@email.com
Mirka,Kowalski,sales,mkow936@email.com
Milka,Lennox,sales,mlen613@email.com
Mo,Lin,admin,mlin944@email.com
Manny,Lopez,sales,mlop584@email.com
Michael,MacLaughlin,admin,mmac810@email.com
Martin,Metcalf,admin,mmet299@email.com
Michael,O'Leary,admin,mo'l731@email.com
Morag,Peterson,sales,mpet663@email.com
Mohammed,Salwar,admin,msal593@email.com
Martyn,Sutherland,admin,msut419@email.com
Nicki,Bunton,management,nbun949@email.com
Norman,Henderson,admin,nhen951@email.com
Nanette,Kram,admin,nkra219@email.com
Niomi,Quinn,sales,nqui472@email.com
Peter,Chow,admin,pcho887@email.com
Patricia,Davidson,admin,pdav387@email.com
Peter,Littlewood,admin,plit258@email.com
Pamela,Mckay,admin,pmck621@email.com
Phyllis,Regis,sales,preg223@email.com
Patrice,Roberts,admin,prob453@email.com
Piet,Rostov,sales,pros923@email.com
Peter,Sorenson,admin,psor939@email.com
Peggy,Temblador,admin,ptem343@email.com
Qian,Chen,admin,qche545@email.com
Quan,Kun,admin,qkun463@email.com
Quan,Lingxin,admin,qlin667@email.com
Ray,Burns,sales,rbur971@email.com
Rashida,Chipo,sales,rchi700@email.com
Ricarda,Dunajski,sales,rdun515@email.com
Rachael,Ferguson,admin,rfer418@email.com
Ren,Guiying,admin,rgui876@email.com
Robbie,Kane,sales,rkan224@email.com
Rozalyn,Kerr,sales,rker428@email.com
Rudo,Kerr,management,rker495@email.com
Rory,O'Sullivan,admin,ro's712@email.com
Rhoda,Sherburn,admin,rshe791@email.com
Ros,Thomassen,sales,rtho467@email.com
Ronni,Vandeusen,sales,rvan545@email.com
Rachel,Williams,sales,rwil848@email.com
Shanon,Beason,admin,sbea309@email.com
Sian,Breckinridge,sales,sbre757@email.com
Susan,Brown,sales,sbro425@email.com
Sosanna,Cattanach-Chell,admin,scat467@email.com
Suzanne,Cohen,sales,scoh580@email.com
Slava,Daniau,admin,sdan629@email.com
Solange,Henley,sales,shen621@email.com
Sereena,Hilton,admin,shil978@email.com
Steven,Johnstone,admin,sjoh651@email.com
Scott,Kordiak,management,skor883@email.com
Sue,Lamb,sales,slam437@email.com
Susan,Lamb,admin,slam758@email.com
Stanford,Mannella,admin,sman522@email.com
Stephen,McIntyre,admin,smci667@email.com
Steve,McKenzie,admin,smck563@email.com
Sandy,McPherson,management,smcp485@email.com
Salena,Mertens,admin,smer111@email.com
Sabra,Moris,sales,smor720@email.com
Samantha,Oldershaw,sales,sold892@email.com
Sylvia,Plath,sales,spla842@email.com
Samantha,Robertson,sales,srob769@email.com
Sergei,Simonov,management,ssim760@email.com
Suncica,Wegberg,admin,sweg974@email.com
Sylvia,White,sales,swhi798@email.com
Tressa,Brooker,sales,tbro117@email.com
Tandy,Cohee,admin,tcoh444@email.com
Tian,Feng,admin,tfen716@email.com
Trinity,Kujawa,admin,tkuj104@email.com
Toby,Malone,sales,tmal428@email.com
Tricia,Marlowe,admin,tmar516@email.com
Trevor,McKenzie,admin,tmck964@email.com
Tommy,McLean,admin,tmcl764@email.com
Teresa,McPhee,admin,tmcp991@email.com
Tomas,Meyrick,admin,tmey824@email.com
Tish,Nida,management,tnid586@email.com
Tristian,O'Reilly,sales,to'r113@email.com
Teressa,Reid,admin,trei753@email.com
Teresa,Rice,sales,tric552@email.com
Terry,Souza,sales,tsou575@email.com
Tisa,Sullivan,admin,tsul478@email.com
Tawnya,Vail,admin,tvai401@email.com
Tahir,Valette,admin,tval275@email.com
Tian,Wen,admin,twen667@email.com
Ursula,Jardine,admin,ujar162@email.com
Victor,Hugo,admin,vhug765@email.com
William,McCall,sales,wmcc818@email.com
Wendy,Russell,sales,wrus791@email.com
Wilfred,Twiss,sales,wtwi204@email.com
Xu,Kang,sales,xkan930@email.com
Xia,Shuren,admin,xshu900@email.com
Xeni,Soares,sales,xsoa546@email.com
Yu,Lei,admin,ylei379@email.com
Yan,Xuefeng,admin,yxue296@email.com
Yin,Yijun,admin,yyij779@email.com
Zeng,Chao,admin,zcha328@email.com
Zhuan,De,admin,zde969@email.com
Zi,Lei,admin,zlei833@email.com
Zhong,Luoyang,sales,zluo662@email.com
Zhen,Ming,sales,zmin412@email.com
Zaklina,Roosevelt,sales,zroo236@email.com
Zheng,Yi,admin,zyi674@email.com
Zhu,Yin,admin,zyin345@email.com
